Workbook

Sheet Signals
A1: Time (s) | B1: Time (s) | C1: Power Commande % | D1: Voltage (V) | E1: Current (A) | F1: P Active (W) | G1: Q React. (VAR) | H1: S Apprt. (VA) | I1: PF (PF) | J1: Frequency (Hz) | K1: Phase Dir | L1: THDi 1 (%) | M1: THDi 2 (%) | N1: THDi 3 (%) | O1: THDi N (%) | P1: THDu 1N (%) | Q1: THDu 2N (%) | R1: THDu 3N (%) | S1: Current L1 (A) | T1: Current L2 (A) | U1: Current L3 (A) | V1: Voltage 1N (V) | W1: Voltage 2N (V) | X1: Voltage 3N (V) | Y1: PF L1 (PF) | Z1: PF L2 (PF) | AA1: PF L3 (PF) | AB1: Angle U1-2 (°) | AC1: Angle U2-3 (°) | AD1: Angle U3-1 (°)
A2: 4377.9689 | B2: 0 | C2: 0 | D2: 238.33 | E2: 0 | F2: 0 | G2: 0 | H2: 0 | I2: 1 | J2: 50.05 | K2: -1 | L2: 0.7 | M2: 1.1 | N2: 1.4 | O2: 2.2 | P2: 1.6 | Q2: 1.4 | R2: 1.4 | S2: 0 | T2: 0 | U2: 0 | V2: 238.18 | W2: 238.4 | X2: 238.43 | Y2: 1 | Z2: 1 | AA2: 1 | AB2: 120 | AC2: 120 | AD2: 120
A3: 4378.4721 | B3: 0.5 | C3: 0 | D3: 238.36 | E3: 0 | F3: 0 | G3: 0 | H3: 0 | I3: 1 | J3: 50.05 | K3: -1 | L3: 0.7 | M3: 1.1 | N3: 1.4 | O3: 2.2 | P3: 1.7 | Q3: 1.5 | R3: 1.4 | S3: 0 | T3: 0 | U3: 0 | V3: 238.05 | W3: 238.67 | X3: 238.4 | Y3: 1 | Z3: 1 | AA3: 1 | AB3: 121 | AC3: 120 | AD3: 119
A4: 4378.986 | B4: 1 | C4: 0 | D4: 238.05 | E4: 94.848 | F4: 6855 | G4: -878 | H4: 67741 | I4: 0.1012 | J4: 50.05 | K4: 1 | L4: 0 | M4: 1 | N4: 1.5 | O4: 3.7 | P4: 1.7 | Q4: 1.5 | R4: 1.4 | S4: 107.098 | T4: 108.947 | U4: 68.536 | V4: 237.89 | W4: 238.23 | X4: 238.07 | Y4: 0.1675 | Z4: 0.1837 | AA4: -0.1336 | AB4: 121 | AC4: 120 | AD4: 119
A5: 4379.4735 | B5: 1.5 | C5: 0 | D5: 238.6 | E5: 0 | F5: 0 | G5: 0 | H5: 0 | I5: 1 | J5: 50.05 | K5: -1 | L5: 1.7 | M5: 1 | N5: 1.5 | O5: 3.7 | P5: 1.7 | Q5: 1.5 | R5: 1.4 | S5: 0 | T5: 0 | U5: 0 | V5: 238.49 | W5: 238.73 | X5: 238.6 | Y5: 1 | Z5: 1 | AA5: 1 | AB5: 120 | AC5: 120 | AD5: 120 | AF5: 10
A6: 4379.9697 | B6: 2 | C6: 0.03 | D6: 238.25 | E6: 84.832 | F6: 2614 | G6: -1120 | H6: 60644 | I6: 0.0431 | J6: 50.05 | K6: 1 | L6: 1.7 | M6: 0.5 | N6: 0.8 | O6: 3.1 | P6: 1.7 | Q6: 1.5 | R6: 1.4 | S6: 81.042 | T6: 84.832 | U6: 88.659 | V6: 238.09 | W6: 238.45 | X6: 238.23 | Y6: 0.1502 | Z6: 0.1714 | AA6: -0.1772 | AB6: 120 | AC6: 120 | AD6: 119
A7: 4380.4811 | B7: 2.5 | C7: 0.03 | D7: 238.42 | E7: 73.773 | F7: 3999 | G7: -1098 | H7: 52778 | I7: 0.0757 | J7: 50.05 | K7: 1 | L7: 0.3 | M7: 0.5 | N7: 0.8 | O7: 3.1 | P7: 1.6 | Q7: 1.5 | R7: 3.5 | S7: 74.395 | T7: 80.273 | U7: 66.687 | V7: 238.27 | W7: 238.54 | X7: 238.49 | Y7: 0.1654 | Z7: 0.1936 | AA7: -0.1656 | AB7: 120 | AC7: 120 | AD7: 120
A8: 4380.9632 | B8: 3 | C8: 0.03 | D8: 238.29 | E8: 84.613 | F8: 4086 | G8: -1428 | H8: 60490 | I8: 0.0675 | J8: 50.05 | K8: 1 | L8: 0.3 | M8: 6.7 | N8: 3.7 | O8: 0.1 | P8: 1.6 | Q8: 1.5 | R8: 3.5 | S8: 88.732 | T8: 77.124 | U8: 88.018 | V8: 237.79 | W8: 238.67 | X8: 238.42 | Y8: 0.2458 | Z8: 0.2229 | AA8: -0.2477 | AB8: 120 | AC8: 120 | AD8: 120
A9: 4381.4723 | B9: 3.5 | C9: 0.03 | D9: 238.53 | E9: 53.173 | F9: -1450 | G9: -1933 | H9: 38056 | I9: -0.0381 | J9: 50.05 | K9: -1 | L9: 0 | M9: 0.9 | N9: 3.7 | O9: 0.1 | P9: 1.6 | Q9: 1.5 | R9: 3 | S9: 23.364 | T9: 57.421 | U9: 78.771 | V9: 238.62 | W9: 238.45 | X9: 238.53 | Y9: 0.0944 | Z9: 0.1992 | AA9: -0.2498 | AB9: 120 | AC9: 120 | AD9: 120
A10: 4381.9756 | B10: 4 | C10: 0.03 | D10: 238.36 | E10: 77.783 | F10: 4592 | G10: -769 | H10: 55634 | I10: 0.0825 | J10: 50.05 | K10: 1 | L10: 0 | M10: 0.9 | N10: 119.6 | O10: 3 | P10: 1.6 | Q10: 1.5 | R10: 3 | S10: 74.761 | T10: 79.156 | U10: 79.486 | V10: 238.18 | W10: 238.49 | X10: 238.43 | Y10: 0.2607 | Z10: 0.2885 | AA10: -0.289 | AB10: 120 | AC10: 121 | AD10: 120
A11: 4382.4687 | B11: 4.5 | C11: 0.03 | D11: 238.67 | E11: 49.804 | F11: 2746 | G11: -285 | H11: 35661 | I11: 0.077 | J11: 50.05 | K11: 1 | L11: 0 | M11: 92.5 | N11: 0 | O11: 3 | P11: 1.6 | Q11: 2.8 | R11: 3.3 | S11: 52.423 | T11: 50.097 | U11: 46.929 | V11: 238.38 | W11: 238.98 | X11: 238.71 | Y11: 0.199 | Z11: 0.218 | AA11: -0.2093 | AB11: 120 | AC11: 120 | AD11: 120
A12: 4382.9703 | B12: 5 | C12: 0.03 | D12: 238.42 | E12: 65.148 | F12: 3603 | G12: -856 | H12: 46604 | I12: 0.0773 | J12: 50.05 | K12: 1 | L12: 0 | M12: 92.5 | N12: 0 | O12: 4.3 | P12: 1.6 | Q12: 2.8 | R12: 3.3 | S12: 65.698 | T12: 61.834 | U12: 67.968 | V12: 238.33 | W12: 238.47 | X12: 238.51 | Y12: 0.2727 | Z12: 0.2773 | AA12: -0.2932 | AB12: 120 | AC12: 121 | AD12: 120
A13: 4383.4741 | B13: 5.5 | C13: 0.03 | D13: 238.43 | E13: 54.785 | F13: 3120 | G13: -307 | H13: 39199 | I13: 0.0795 | J13: 50.05 | K13: 1 | L13: 118.8 | M13: 0.2 | N13: 0.1 | O13: 4.3 | P13: 1.6 | Q13: 2.4 | R13: 1.4 | S13: 54.803 | T13: 54.766 | U13: 54.84 | V13: 238.12 | W13: 238.73 | X13: 238.51 | Y13: 0.2425 | Z13: 0.261 | AA13: -0.2628 | AB13: 121 | AC13: 120 | AD13: 119
A14: 4383.9666 | B14: 6 | C14: 0.03 | D14: 238.42 | E14: 50.793 | F14: 3449 | G14: 153 | H14: 36320 | I14: 0.0949 | J14: 50.05 | K14: -1 | L14: 118.8 | M14: 0.2 | N14: 0.1 | O14: 5.3 | P14: 2.2 | Q14: 1.5 | R14: 1.4 | S14: 52.459 | T14: 52.331 | U14: 47.625 | V14: 238.34 | W14: 238.53 | X14: 238.42 | Y14: 0.2412 | Z14: 0.2608 | AA14: -0.2479 | AB14: 120 | AC14: 120 | AD14: 120
A15: 4384.4659 | B15: 6.5 | C15: 0.03 | D15: 238.36 | E15: 52.99 | F15: 3801 | G15: -285 | H15: 37880 | I15: 0.1003 | J15: 50.05 | K15: 1 | L15: 0 | M15: 1 | N15: 0.5 | O15: 120.1 | P15: 2.2 | Q15: 1.5 | R15: 1.4 | S15: 58.007 | T15: 50.482 | U15: 50.518 | V15: 237.7 | W15: 238.82 | X15: 238.6 | Y15: 0.2794 | Z15: 0.2617 | AA15: -0.2645 | AB15: 121 | AC15: 119 | AD15: 120
A16: 4384.9697 | B16: 7 | C16: 0.03 | D16: 238.36 | E16: 47.259 | F16: 2416 | G16: -615 | H16: 33793 | I16: 0.0715 | J16: 50.05 | K16: 1 | L16: 0 | M16: 1 | N16: 0.5 | O16: 120.1 | P16: 1.6 | Q16: 1.4 | R16: 1.4 | S16: 40.191 | T16: 53.009 | U16: 48.596 | V16: 238.43 | W16: 238.29 | X16: 238.4 | Y16: 0.1983 | Z16: 0.2836 | AA16: -0.2639 | AB16: 121 | AC16: 120 | AD16: 119
A17: 4385.4842 | B17: 7.5 | C17: 0.03 | D17: 238.34 | E17: 50.28 | F17: 2307 | G17: 263 | H17: 35947 | I17: 0.0641 | J17: 50.05 | K17: -1 | L17: 0 | M17: 0.2 | N17: 136.1 | O17: 4 | P17: 1.6 | Q17: 1.4 | R17: 1.4 | S17: 54.217 | T17: 42.956 | U17: 53.704 | V17: 237.92 | W17: 238.86 | X17: 238.29 | Y17: 0.2785 | Z17: 0.2455 | AA17: -0.2963 | AB17: 119 | AC17: 121 | AD17: 120
... A165: 0 | B165: 0 | C165: 0 | D165: 0 | E165: 0 | F165: 0 | G165: 0 | H165: 0 | I165: 0 | J165: 0 | K165: 0 | L165: 0 | M165: 0 | N165: 0 | O165: 0 | P165: 0 | Q165: 0 | R165: 0 | S165: 0 | T165: 0 | U165: 0 | V165: 0 | W165: 0 | X165: 0 | Y165: 0 | Z165: 0 | AA165: 0 | AB165: 0 | AC165: 0 | AD165: 0

Sheet F(Puissance)
A1: Power Commande % | B1: Voltage (V) | C1: Current (A) | D1: P Active (W) | E1: Q React. (VAR) | F1: S Apprt. (VA) | G1: PF (PF) | H1: Frequency (Hz) | I1: Phase Dir | J1: THDi 1 (%) | K1: THDi 2 (%) | L1: THDi 3 (%) | M1: THDi N (%) | N1: THDu 1N (%) | O1: THDu 2N (%) | P1: THDu 3N (%) | Q1: Current L1 (A) | R1: Current L2 (A) | S1: Current L3 (A) | T1: Voltage 1N (V) | U1: Voltage 2N (V) | V1: Voltage 3N (V) | W1: PF L1 (PF) | X1: PF L2 (PF) | Y1: PF L3 (PF) | Z1: Angle U1-2 (°) | AA1: Angle U2-3 (°) | AB1: Angle U3-1 (°)
A2: 0 | B2: 0 | C2: 0 | D2: 0 | E2: 0 | F2: 0 | G2: 1 | H2: 50 | I2: 0 | J2: 0 | K2: 0 | L2: 0 | M2: 0 | N2: 0 | O2: 0 | P2: 0 | Q2: 0 | R2: 0 | S2: 0 | T2: 0 | U2: 0 | V2: 0 | W2: 1 | X2: 1 | Y2: 1 | Z2: 0 | AA2: 0 | AB2: 0
A3: 0.03 | B3: =AVERAGE(Signals!D14:D27) -> 238.47357 | C3: =AVERAGE(Signals!E14:E27) -> 45.181929 | D3: =AVERAGE(Signals!F14:F27) -> 2744.4286 | E3: =AVERAGE(Signals!G14:G27) -> -200.42857 | F3: =AVERAGE(Signals!H14:H27) -> 32321.143 | G3: =AVERAGE(Signals!I14:I27) -> 0.084371429 | H3: =AVERAGE(Signals!J14:J27) -> 50.051429 | I3: =AVERAGE(Signals!K14:K27) -> 0.71428571 | ... AB3: =AVERAGE(Signals!AD14:AD27) -> 119.71429
A4: 0.05 | B4: =AVERAGE(Signals!D36:D48) -> 238.23077 | C4: =AVERAGE(Signals!E36:E48) -> 46.608154 | D4: =AVERAGE(Signals!F36:F48) -> 3401.8462 | E4: =AVERAGE(Signals!G36:G48) -> -215.61538 | F4: =AVERAGE(Signals!H36:H48) -> 33310 | G4: =AVERAGE(Signals!I36:I48) -> 0.10188462 | H4: =AVERAGE(Signals!J36:J48) -> 50.051538 | I4: =AVERAGE(Signals!K36:K48) -> 1 | ... AB4: =AVERAGE(Signals!AD36:AD48) -> 119.84615
A5: 0.1 | B5: =AVERAGE(Signals!D55:D70) -> 238.08562 | C5: =AVERAGE(Signals!E55:E70) -> 54.76525 | D5: =AVERAGE(Signals!F55:F70) -> 5793.4375 | E5: =AVERAGE(Signals!G55:G70) -> -246.5 | F5: =AVERAGE(Signals!H55:H70) -> 39114.938 | G5: =AVERAGE(Signals!I55:I70) -> 0.14815625 | H5: =AVERAGE(Signals!J55:J70) -> 50.05125 | I5: =AVERAGE(Signals!K55:K70) -> 1 | ... AB5: =AVERAGE(Signals!AD55:AD70) -> 119.8125
A6: 0.2 | B6: =AVERAGE(Signals!D76:D92) -> 237.10765 | C6: =AVERAGE(Signals!E76:E92) -> 80.981647 | D6: =AVERAGE(Signals!F76:F92) -> 9769.6471 | E6: =AVERAGE(Signals!G76:G92) -> -307 | F6: =AVERAGE(Signals!H76:H92) -> 57601.412 | G6: =AVERAGE(Signals!I76:I92) -> 0.16964118 | H6: =AVERAGE(Signals!J76:J92) -> 50.04 | I6: =AVERAGE(Signals!K76:K92) -> 1 | ... AB6: =AVERAGE(Signals!AD76:AD92) -> 119.47059
A7: 0.3 | B7: =AVERAGE(Signals!D99:D114) -> 237.20937 | C7: =AVERAGE(Signals!E99:E114) -> 86.719375 | D7: =AVERAGE(Signals!F99:F114) -> 13078.75 | E7: =AVERAGE(Signals!G99:G114) -> -364.75 | F7: =AVERAGE(Signals!H99:H114) -> 61709.625 | G7: =AVERAGE(Signals!I99:I114) -> 0.2121 | H7: =AVERAGE(Signals!J99:J114) -> 50.03625 | I7: =AVERAGE(Signals!K99:K114) -> 1 | ... AB7: =AVERAGE(Signals!AD99:AD114) -> 119.75
A8: 0.4 | B8: =AVERAGE(Signals!D122:D136) -> 236.804 | C8: =AVERAGE(Signals!E122:E136) -> 93.044 | D8: =AVERAGE(Signals!F122:F136) -> 16541.933 | E8: =AVERAGE(Signals!G122:G136) -> -307 | F8: =AVERAGE(Signals!H122:H136) -> 66099.067 | G8: =AVERAGE(Signals!I122:I136) -> 0.25082667 | H8: =AVERAGE(Signals!J122:J136) -> 50.04 | I8: =AVERAGE(Signals!K122:K136) -> 1 | ... AB8: =AVERAGE(Signals!AD122:AD136) -> 119.66667
A9: 0.5 | B9: =AVERAGE(Signals!D143:D159) -> 236.29353 | C9: =AVERAGE(Signals!E143:E159) -> 113.43218 | D9: =AVERAGE(Signals!F143:F159) -> 19574.471 | E9: =AVERAGE(Signals!G143:G159) -> -479.11765 | F9: =AVERAGE(Signals!H143:H159) -> 80414.353 | G9: =AVERAGE(Signals!I143:I159) -> 0.24342353 | H9: =AVERAGE(Signals!J143:J159) -> 50.041176 | I9: =AVERAGE(Signals!K143:K159) -> 1 | ... AB9: =AVERAGE(Signals!AD143:AD159) -> 118.82353

Sheet Harmonics
A1: Time (s) | B1: HDI1_H2 (%) | C1: HDI1_H3 (%) | D1: HDI1_H4 (%) | E1: HDI1_H5 (%) | F1: HDI1_H6 (%) | G1: HDI1_H7 (%) | H1: HDI1_H8 (%) | I1: HDI1_H9 (%) | J1: HDI1_H10 (%) | K1: HDI1_H11 (%) | L1: HDI1_H12 (%) | M1: HDI1_H13 (%) | N1: HDI1_H14 (%) | O1: HDI1_H15 (%) | P1: HDI1_H16 (%) | Q1: HDI1_H17 (%) | R1: HDI1_H18 (%) | S1: HDI1_H19 (%) | T1: HDI1_H20 (%) | U1: HDI1_H21 (%) | V1: HDI1_H22 (%) | W1: HDI1_H23 (%) | X1: HDI1_H24 (%) | Y1: HDI1_H25 (%) | Z1: HDI1_H26 (%) | AA1: HDI1_H27 (%) | AB1: HDI1_H28 (%) | AC1: HDI1_H29 (%) | AD1: HDI1_H30 (%) | AE1: HDI1_H31 (%) | AF1: HDI2_H2 (%) | AG1: HDI2_H3 (%) | AH1: HDI2_H4 (%) | AI1: HDI2_H5 (%) | AJ1: HDI2_H6 (%) | AK1: HDI2_H7 (%) | AL1: HDI2_H8 (%) | AM1: HDI2_H9 (%) | AN1: HDI2_H10 (%) | AO1: HDI2_H11 (%) | AP1: HDI2_H12 (%) | AQ1: HDI2_H13 (%) | AR1: HDI2_H14 (%) | AS1: HDI2_H15 (%) | AT1: HDI2_H16 (%) | AU1: HDI2_H17 (%) | AV1: HDI2_H18 (%) | AW1: HDI2_H19 (%) | AX1: HDI2_H20 (%) | AY1: HDI2_H21 (%) | AZ1: HDI2_H22 (%) | BA1: HDI2_H23 (%) | BB1: HDI2_H24 (%) | BC1: HDI2_H25 (%) | BD1: HDI2_H26 (%) | BE1: HDI2_H27 (%) | BF1: HDI2_H28 (%) | BG1: HDI2_H29 (%) | BH1: HDI2_H30 (%) | BI1: HDI2_H31 (%) | BJ1: HDI3_H2 (%) | BK1: HDI3_H3 (%) | BL1: HDI3_H4 (%) | BM1: HDI3_H5 (%) | BN1: HDI3_H6 (%) | BO1: HDI3_H7 (%) | BP1: HDI3_H8 (%) | BQ1: HDI3_H9 (%) | BR1: HDI3_H10 (%) | BS1: HDI3_H11 (%) | BT1: HDI3_H12 (%) | BU1: HDI3_H13 (%) | BV1: HDI3_H14 (%) | BW1: HDI3_H15 (%) | BX1: HDI3_H16 (%) | BY1: HDI3_H17 (%) | BZ1: HDI3_H18 (%) | CA1: HDI3_H19 (%) | CB1: HDI3_H20 (%) | CC1: HDI3_H21 (%) | CD1: HDI3_H22 (%) | CE1: HDI3_H23 (%) | CF1: HDI3_H24 (%) | CG1: HDI3_H25 (%) | CH1: HDI3_H26 (%) | CI1: HDI3_H27 (%) | CJ1: HDI3_H28 (%) | CK1: HDI3_H29 (%) | CL1: HDI3_H30 (%) | CM1: HDI3_H31 (%) | CN1: HDIN_H2 (%) | CO1: HDIN_H3 (%) | CP1: HDIN_H4 (%) | CQ1: HDIN_H5 (%) | CR1: HDIN_H6 (%) | CS1: HDIN_H7 (%) | CT1: HDIN_H8 (%) | CU1: HDIN_H9 (%) | CV1: HDIN_H10 (%) | CW1: HDIN_H11 (%) | CX1: HDIN_H12 (%) | CY1: HDIN_H13 (%) | CZ1: HDIN_H14 (%) | DA1: HDIN_H15 (%) | DB1: HDIN_H16 (%) | DC1: HDIN_H17 (%) | DD1: HDIN_H18 (%) | DE1: HDIN_H19 (%) | DF1: HDIN_H20 (%) | DG1: HDIN_H21 (%) | DH1: HDIN_H22 (%) | DI1: HDIN_H23 (%) | DJ1: HDIN_H24 (%) | DK1: HDIN_H25 (%) | DL1: HDIN_H26 (%) | DM1: HDIN_H27 (%) | DN1: HDIN_H28 (%) | DO1: HDIN_H29 (%) | DP1: HDIN_H30 (%) | DQ1: HDIN_H31 (%) | DR1: HDU1N_H2 (%) | DS1: HDU1N_H3 (%) | DT1: HDU1N_H4 (%) | DU1: HDU1N_H5 (%) | DV1: HDU1N_H6 (%) | DW1: HDU1N_H7 (%) | DX1: HDU1N_H8 (%) | DY1: HDU1N_H9 (%) | DZ1: HDU1N_H10 (%) | EA1: HDU1N_H11 (%) | EB1: HDU1N_H12 (%) | EC1: HDU1N_H13 (%) | ED1: HDU1N_H14 (%) | EE1: HDU1N_H15 (%) | EF1: HDU1N_H16 (%) | EG1: HDU1N_H17 (%) | EH1: HDU1N_H18 (%) | EI1: HDU1N_H19 (%) | EJ1: HDU1N_H20 (%) | EK1: HDU1N_H21 (%) | EL1: HDU1N_H22 (%) | EM1: HDU1N_H23 (%) | EN1: HDU1N_H24 (%) | EO1: HDU1N_H25 (%) | EP1: HDU1N_H26 (%) | EQ1: HDU1N_H27 (%) | ER1: HDU1N_H28 (%) | ES1: HDU1N_H29 (%) | ET1: HDU1N_H30 (%) | EU1: HDU1N_H31 (%)
A2: 4354.9827 | B2: 0.2 | C2: 0.3 | D2: 0.1 | E2: 0 | F2: 0.2 | G2: 0.1 | H2: 0.5 | I2: 0.3 | J2: 0 | K2: 0.5 | L2: 0 | M2: 0 | N2: 0.2 | O2: 0.1 | P2: 0.5 | Q2: 0.4 | R2: 0.4 | S2: 0.2 | T2: 0.5 | U2: 0.1 | V2: 0.1 | W2: 0.2 | X2: 0.3 | Y2: 0.1 | Z2: 0.4 | AA2: 0.2 | AB2: 0 | AC2: 0 | AD2: 0.1 | AE2: 0.2 | AF2: 0.1 | AG2: 0.5 | AH2: 0.3 | AI2: 0.6 | AJ2: 0.1 | AK2: 0.2 | AL2: 0.3 | AM2: 0.3 | AN2: 0.1 | AO2: 0.2 | AP2: 0 | AQ2: 0.1 | AR2: 0.1 | AS2: 0.2 | AT2: 0.2 | AU2: 0.7 | AV2: 0.3 | AW2: 0.3 | AX2: 0.1 | AY2: 0.1 | AZ2: 0.1 | BA2: 0.3 | BB2: 0 | BC2: 0.2 | BD2: 0.2 | BE2: 0.4 | BF2: 0.3 | BG2: 0 | BH2: 0.3 | BI2: 0.2 | BJ2: 0.2 | BK2: 0.2 | BL2: 0.1 | BM2: 0.2 | BN2: 0.2 | BO2: 0 | BP2: 0 | BQ2: 0.2 | BR2: 0 | BS2: 0.2 | BT2: 0.1 | BU2: 0.2 | BV2: 0 | BW2: 0 | BX2: 0 | BY2: 0.3 | BZ2: 0.1 | CA2: 0.2 | CB2: 0 | CC2: 0.1 | CD2: 0.1 | CE2: 0.2 | CF2: 0 | CG2: 0.2 | CH2: 0.1 | CI2: 0.2 | CJ2: 0.1 | CK2: 0.1 | CL2: 0.1 | CM2: 0 | CN2: 0.5 | CO2: 2.7 | CP2: 0.1 | CQ2: 0.9 | CR2: 0.6 | CS2: 0.1 | CT2: 0.1 | CU2: 0.4 | CV2: 0.5 | CW2: 0.2 | CX2: 0.9 | CY2: 0.1 | CZ2: 0.4 | DA2: 0 | DB2: 0.4 | DC2: 0 | DD2: 0 | DE2: 0.7 | DF2: 0.4 | DG2: 0.2 | DH2: 0.1 | DI2: 0.7 | DJ2: 0.7 | DK2: 0.4 | DL2: 0.7 | DM2: 0.9 | DN2: 0.9 | DO2: 0.1 | DP2: 1 | DQ2: 0.5 | DR2: 0 | DS2: 0.3 | DT2: 0 | DU2: 1.1 | DV2: 0 | DW2: 1 | DX2: 0 | DY2: 0.3 | DZ2: 0 | EA2: 0.3 | EB2: 0 | EC2: 0.1 | ED2: 0 | EE2: 0 | EF2: 0 | EG2: 0 | EH2: 0 | EI2: 0.2 | EJ2: 0 | EK2: 0 | EL2: 0 | EM2: 0.2 | EN2: 0 | EO2: 0 | EP2: 0 | EQ2: 0 | ER2: 0 | ES2: 0 | ET2: 0 | EU2: 0
A3: 4355.4967 | B3: 0 | C3: 0 | D3: 0 | E3: 0 | F3: 0 | G3: 0 | H3: 0 | I3: 0 | J3: 0 | K3: 0 | L3: 0 | M3: 0 | N3: 0 | O3: 0 | P3: 0 | Q3: 0 | R3: 0 | S3: 0 | T3: 0 | U3: 0 | V3: 0 | W3: 0 | X3: 0 | Y3: 0 | Z3: 0 | AA3: 0 | AB3: 0 | AC3: 0 | AD3: 0 | AE3: 0 | AF3: 0 | AG3: 0 | AH3: 0 | AI3: 0 | AJ3: 0 | AK3: 0 | AL3: 0 | AM3: 0 | AN3: 0 | AO3: 0 | AP3: 0 | AQ3: 0 | AR3: 0 | AS3: 0 | AT3: 0 | AU3: 0 | AV3: 0 | AW3: 0 | AX3: 0 | AY3: 0 | AZ3: 0 | BA3: 0 | BB3: 0 | BC3: 0 | BD3: 0 | BE3: 0 | BF3: 0 | BG3: 0 | BH3: 0 | BI3: 0 | BJ3: 0.2 | BK3: 0.2 | BL3: 0.1 | BM3: 0.2 | BN3: 0.2 | BO3: 0 | BP3: 0 | BQ3: 0.2 | BR3: 0 | BS3: 0.2 | BT3: 0.1 | BU3: 0.2 | BV3: 0 | BW3: 0 | BX3: 0 | BY3: 0.3 | BZ3: 0.1 | CA3: 0.2 | CB3: 0 | CC3: 0.1 | CD3: 0.1 | CE3: 0.2 | CF3: 0 | CG3: 0.2 | CH3: 0.1 | CI3: 0.2 | CJ3: 0.1 | CK3: 0.1 | CL3: 0.1 | CM3: 0 | CN3: 0.5 | CO3: 2.7 | CP3: 0.1 | CQ3: 0.9 | CR3: 0.6 | CS3: 0.1 | CT3: 0.1 | CU3: 0.4 | CV3: 0.5 | CW3: 0.2 | CX3: 0.9 | CY3: 0.1 | CZ3: 0.4 | DA3: 0 | DB3: 0.4 | DC3: 0 | DD3: 0 | DE3: 0.7 | DF3: 0.4 | DG3: 0.2 | DH3: 0.1 | DI3: 0.7 | DJ3: 0.7 | DK3: 0.4 | DL3: 0.7 | DM3: 0.9 | DN3: 0.9 | DO3: 0.1 | DP3: 1 | DQ3: 0.5 | DR3: 0 | DS3: 0.3 | DT3: 0 | DU3: 1.1 | DV3: 0 | DW3: 1 | DX3: 0 | DY3: 0.3 | DZ3: 0 | EA3: 0.1 | EB3: 0 | EC3: 0 | ED3: 0 | EE3: 0 | EF3: 0 | EG3: 0 | EH3: 0 | EI3: 0.2 | EJ3: 0 | EK3: 0 | EL3: 0 | EM3: 0.2 | EN3: 0 | EO3: 0 | EP3: 0 | EQ3: 0 | ER3: 0 | ES3: 0 | ET3: 0 | EU3: 0
A4: 4355.9852 | B4: 0 | C4: 0 | D4: 0 | E4: 0 | F4: 0 | G4: 0 | H4: 0 | I4: 0 | J4: 0 | K4: 0 | L4: 0 | M4: 0 | N4: 0 | O4: 0 | P4: 0 | Q4: 0 | R4: 0 | S4: 0 | T4: 0 | U4: 0 | V4: 0 | W4: 0 | X4: 0 | Y4: 0 | Z4: 0 | AA4: 0 | AB4: 0 | AC4: 0 | AD4: 0 | AE4: 0 | AF4: 0 | AG4: 0 | AH4: 0 | AI4: 0 | AJ4: 0 | AK4: 0 | AL4: 0 | AM4: 0 | AN4: 0 | AO4: 0 | AP4: 0 | AQ4: 0 | AR4: 0 | AS4: 0 | AT4: 0 | AU4: 0 | AV4: 0 | AW4: 0 | AX4: 0 | AY4: 0 | AZ4: 0 | BA4: 0 | BB4: 0 | BC4: 0 | BD4: 0 | BE4: 0 | BF4: 0 | BG4: 0 | BH4: 0 | BI4: 0 | BJ4: 0.1 | BK4: 0.4 | BL4: 0.2 | BM4: 0.3 | BN4: 0 | BO4: 0 | BP4: 0.1 | BQ4: 0 | BR4: 0 | BS4: 0.1 | BT4: 0.4 | BU4: 0.1 | BV4: 0 | BW4: 0.1 | BX4: 0 | BY4: 0.5 | BZ4: 0.1 | CA4: 0.2 | CB4: 0.2 | CC4: 0.1 | CD4: 0 | CE4: 0.1 | CF4: 0 | CG4: 0 | CH4: 0 | CI4: 0.1 | CJ4: 0.1 | CK4: 0.1 | CL4: 0.1 | CM4: 0 | CN4: 0.2 | CO4: 1.1 | CP4: 0.1 | CQ4: 0.8 | CR4: 0.2 | CS4: 0.3 | CT4: 0.2 | CU4: 0.2 | CV4: 0.2 | CW4: 0.8 | CX4: 0.9 | CY4: 0.1 | CZ4: 0.3 | DA4: 0.3 | DB4: 0 | DC4: 1 | DD4: 0.3 | DE4: 0.4 | DF4: 0.2 | DG4: 0.3 | DH4: 0.3 | DI4: 0.8 | DJ4: 0.2 | DK4: 0.1 | DL4: 0.3 | DM4: 0 | DN4: 0.1 | DO4: 0.4 | DP4: 0.8 | DQ4: 0.2 | DR4: 0 | DS4: 0.3 | DT4: 0 | DU4: 1.1 | DV4: 0 | DW4: 1 | DX4: 0 | DY4: 0.2 | DZ4: 0 | EA4: 0.2 | EB4: 0 | EC4: 0 | ED4: 0 | EE4: 0 | EF4: 0 | EG4: 0 | EH4: 0 | EI4: 0.2 | EJ4: 0 | EK4: 0.1 | EL4: 0 | EM4: 0.2 | EN4: 0 | EO4: 0 | EP4: 0 | EQ4: 0 | ER4: 0 | ES4: 0 | ET4: 0 | EU4: 0
A5: 4356.4818 | B5: 0 | C5: 0 | D5: 0 | E5: 0 | F5: 0 | G5: 0 | H5: 0 | I5: 0 | J5: 0 | K5: 0 | L5: 0 | M5: 0 | N5: 0 | O5: 0 | P5: 0 | Q5: 0 | R5: 0 | S5: 0 | T5: 0 | U5: 0 | V5: 0 | W5: 0 | X5: 0 | Y5: 0 | Z5: 0 | AA5: 0 | AB5: 0 | AC5: 0 | AD5: 0 | AE5: 0 | AF5: 0 | AG5: 0 | AH5: 0 | AI5: 0 | AJ5: 0 | AK5: 0 | AL5: 0 | AM5: 0 | AN5: 0 | AO5: 0 | AP5: 0 | AQ5: 0 | AR5: 0 | AS5: 0 | AT5: 0 | AU5: 0 | AV5: 0 | AW5: 0 | AX5: 0 | AY5: 0 | AZ5: 0 | BA5: 0 | BB5: 0 | BC5: 0 | BD5: 0 | BE5: 0 | BF5: 0 | BG5: 0 | BH5: 0 | BI5: 0 | BJ5: 0.1 | BK5: 0.4 | BL5: 0.2 | BM5: 0.3 | BN5: 0 | BO5: 0 | BP5: 0.1 | BQ5: 0 | BR5: 0 | BS5: 0.1 | BT5: 0.4 | BU5: 0.1 | BV5: 0 | BW5: 0.1 | BX5: 0 | BY5: 0.5 | BZ5: 0.1 | CA5: 0.2 | CB5: 0.2 | CC5: 0.1 | CD5: 0 | CE5: 0.1 | CF5: 0 | CG5: 0 | CH5: 0 | CI5: 0.1 | CJ5: 0.1 | CK5: 0.1 | CL5: 0.1 | CM5: 0 | CN5: 0.2 | CO5: 1.1 | CP5: 0.1 | CQ5: 0.8 | CR5: 0.2 | CS5: 0.3 | CT5: 0.2 | CU5: 0.2 | CV5: 0.2 | CW5: 0.8 | CX5: 0.9 | CY5: 0.1 | CZ5: 0.3 | DA5: 0.3 | DB5: 0 | DC5: 1 | DD5: 0.3 | DE5: 0.4 | DF5: 0.2 | DG5: 0.3 | DH5: 0.3 | DI5: 0.8 | DJ5: 0.2 | DK5: 0.1 | DL5: 0.3 | DM5: 0 | DN5: 0.1 | DO5: 0.4 | DP5: 0.8 | DQ5: 0.2 | DR5: 0 | DS5: 0.3 | DT5: 0 | DU5: 1.1 | DV5: 0 | DW5: 1 | DX5: 0 | DY5: 0.2 | DZ5: 0 | EA5: 0.2 | EB5: 0 | EC5: 0 | ED5: 0 | EE5: 0 | EF5: 0 | EG5: 0 | EH5: 0 | EI5: 0.2 | EJ5: 0 | EK5: 0.1 | EL5: 0 | EM5: 0.2 | EN5: 0 | EO5: 0 | EP5: 0 | EQ5: 0 | ER5: 0 | ES5: 0 | ET5: 0 | EU5: 0
A6: 4356.9891 | B6: 0 | C6: 0 | D6: 0 | E6: 0 | F6: 0 | G6: 0 | H6: 0 | I6: 0 | J6: 0 | K6: 0 | L6: 0 | M6: 0 | N6: 0 | O6: 0 | P6: 0 | Q6: 0 | R6: 0 | S6: 0 | T6: 0 | U6: 0 | V6: 0 | W6: 0 | X6: 0 | Y6: 0 | Z6: 0 | AA6: 0 | AB6: 0 | AC6: 0 | AD6: 0 | AE6: 0 | AF6: 0 | AG6: 0 | AH6: 0 | AI6: 0 | AJ6: 0 | AK6: 0 | AL6: 0 | AM6: 0 | AN6: 0 | AO6: 0 | AP6: 0 | AQ6: 0 | AR6: 0 | AS6: 0 | AT6: 0 | AU6: 0 | AV6: 0 | AW6: 0 | AX6: 0 | AY6: 0 | AZ6: 0 | BA6: 0 | BB6: 0 | BC6: 0 | BD6: 0 | BE6: 0 | BF6: 0 | BG6: 0 | BH6: 0 | BI6: 0 | BJ6: 0.2 | BK6: 0.4 | BL6: 0.1 | BM6: 0.3 | BN6: 0 | BO6: 0.1 | BP6: 0 | BQ6: 0.1 | BR6: 0 | BS6: 0 | BT6: 0.3 | BU6: 0.1 | BV6: 0 | BW6: 0 | BX6: 0.1 | BY6: 0.3 | BZ6: 0.2 | CA6: 0.2 | CB6: 0 | CC6: 0.1 | CD6: 0 | CE6: 0 | CF6: 0 | CG6: 0.1 | CH6: 0 | CI6: 0 | CJ6: 0.1 | CK6: 0 | CL6: 0.2 | CM6: 0 | CN6: 0.5 | CO6: 1.8 | CP6: 0.6 | CQ6: 2.1 | CR6: 1 | CS6: 0.3 | CT6: 0.4 | CU6: 1.1 | CV6: 1.1 | CW6: 0.9 | CX6: 0.3 | CY6: 0.4 | CZ6: 0.3 | DA6: 0.6 | DB6: 0.4 | DC6: 2 | DD6: 0.5 | DE6: 0.3 | DF6: 0 | DG6: 0.4 | DH6: 1.1 | DI6: 0.3 | DJ6: 0.9 | DK6: 0.2 | DL6: 0.2 | DM6: 0.5 | DN6: 0.7 | DO6: 0.5 | DP6: 0.3 | DQ6: 0.8 | DR6: 0 | DS6: 0.4 | DT6: 0 | DU6: 1.1 | DV6: 0 | DW6: 1 | DX6: 0 | DY6: 0.3 | DZ6: 0 | EA6: 0.1 | EB6: 0 | EC6: 0 | ED6: 0 | EE6: 0 | EF6: 0 | EG6: 0 | EH6: 0 | EI6: 0.2 | EJ6: 0 | EK6: 0.1 | EL6: 0 | EM6: 0.2 | EN6: 0 | EO6: 0 | EP6: 0 | EQ6: 0 | ER6: 0 | ES6: 0 | ET6: 0 | EU6: 0
A7: 4357.4723 | B7: 0 | C7: 0 | D7: 0 | E7: 0.1 | F7: 0.1 | G7: 0.1 | H7: 0.1 | I7: 0.1 | J7: 0.2 | K7: 0 | L7: 0.1 | M7: 0.1 | N7: 0 | O7: 0 | P7: 0 | Q7: 0.1 | R7: 0 | S7: 0 | T7: 0 | U7: 0 | V7: 0.1 | W7: 0.1 | X7: 0.1 | Y7: 0.1 | Z7: 0 | AA7: 0.1 | AB7: 0 | AC7: 0.1 | AD7: 0 | AE7: 0.1 | AF7: 0.3 | AG7: 0.6 | AH7: 0.3 | AI7: 1 | AJ7: 0.3 | AK7: 0 | AL7: 0.2 | AM7: 0.2 | AN7: 0.2 | AO7: 0.5 | AP7: 0.6 | AQ7: 0.3 | AR7: 0.4 | AS7: 0 | AT7: 0.4 | AU7: 0.6 | AV7: 0.1 | AW7: 0.4 | AX7: 0.2 | AY7: 0.2 | AZ7: 0.3 | BA7: 0.3 | BB7: 0.1 | BC7: 0 | BD7: 0 | BE7: 0.4 | BF7: 0.1 | BG7: 0.2 | BH7: 0.3 | BI7: 0.3 | BJ7: 0.2 | BK7: 0.3 | BL7: 0.3 | BM7: 0.2 | BN7: 0.4 | BO7: 0.4 | BP7: 0.1 | BQ7: 0.4 | BR7: 0.2 | BS7: 0.4 | BT7: 0.4 | BU7: 0.2 | BV7: 0.2 | BW7: 0.2 | BX7: 0.1 | BY7: 0.6 | BZ7: 0.3 | CA7: 0.2 | CB7: 0 | CC7: 0 | CD7: 0.1 | CE7: 0 | CF7: 0.2 | CG7: 0.2 | CH7: 0.1 | CI7: 0.2 | CJ7: 0.1 | CK7: 0.4 | CL7: 0.2 | CM7: 0.1 | CN7: 0.2 | CO7: 1.4 | CP7: 0.6 | CQ7: 0.3 | CR7: 0.4 | CS7: 0.2 | CT7: 0.1 | CU7: 0.3 | CV7: 0.3 | CW7: 0.8 | CX7: 0.5 | CY7: 0.4 | CZ7: 0.2 | DA7: 0.1 | DB7: 0.5 | DC7: 1 | DD7: 0.8 | DE7: 0.6 | DF7: 0.4 | DG7: 0.2 | DH7: 0.4 | DI7: 0.4 | DJ7: 0.6 | DK7: 0.9 | DL7: 0.2 | DM7: 0.6 | DN7: 0.5 | DO7: 0.5 | DP7: 0.5 | DQ7: 0.5 | DR7: 0 | DS7: 0.4 | DT7: 0 | DU7: 1.1 | DV7: 0 | DW7: 1 | DX7: 0 | DY7: 0.3 | DZ7: 0 | EA7: 0.1 | EB7: 0 | EC7: 0 | ED7: 0 | EE7: 0 | EF7: 0 | EG7: 0 | EH7: 0 | EI7: 0.2 | EJ7: 0 | EK7: 0.1 | EL7: 0 | EM7: 0.2 | EN7: 0 | EO7: 0 | EP7: 0 | EQ7: 0 | ER7: 0 | ES7: 0 | ET7: 0 | EU7: 0
A8: 4357.9845 | B8: 0 | C8: 0 | D8: 0 | E8: 0.1 | F8: 0.1 | G8: 0.1 | H8: 0.1 | I8: 0.1 | J8: 0.2 | K8: 0 | L8: 0.1 | M8: 0.1 | N8: 0 | O8: 0 | P8: 0 | Q8: 0.1 | R8: 0 | S8: 0 | T8: 0 | U8: 0 | V8: 0.1 | W8: 0.1 | X8: 0.1 | Y8: 0.1 | Z8: 0 | AA8: 0.1 | AB8: 0 | AC8: 0.1 | AD8: 0 | AE8: 0.1 | AF8: 0.3 | AG8: 0.6 | AH8: 0.3 | AI8: 1 | AJ8: 0.3 | AK8: 0 | AL8: 0.2 | AM8: 0.2 | AN8: 0.2 | AO8: 0.5 | AP8: 0.6 | AQ8: 0.3 | AR8: 0.4 | AS8: 0 | AT8: 0.4 | AU8: 0.6 | AV8: 0.1 | AW8: 0.4 | AX8: 0.2 | AY8: 0.2 | AZ8: 0.3 | BA8: 0.3 | BB8: 0.1 | BC8: 0 | BD8: 0 | BE8: 0.4 | BF8: 0.1 | BG8: 0.2 | BH8: 0.3 | BI8: 0.3 | BJ8: 0.2 | BK8: 0.3 | BL8: 0.3 | BM8: 0.2 | BN8: 0.4 | BO8: 0.4 | BP8: 0.1 | BQ8: 0.4 | BR8: 0.2 | BS8: 0.4 | BT8: 0.4 | BU8: 0.2 | BV8: 0.2 | BW8: 0.2 | BX8: 0.1 | BY8: 0.6 | BZ8: 0.3 | CA8: 0.2 | CB8: 0 | CC8: 0 | CD8: 0.1 | CE8: 0 | CF8: 0.2 | CG8: 0.2 | CH8: 0.1 | CI8: 0.2 | CJ8: 0.1 | CK8: 0.4 | CL8: 0.2 | CM8: 0.1 | CN8: 0.2 | CO8: 1.4 | CP8: 0.6 | CQ8: 0.3 | CR8: 0.4 | CS8: 0.2 | CT8: 0.1 | CU8: 0.3 | CV8: 0.3 | CW8: 0.8 | CX8: 0.5 | CY8: 0.4 | CZ8: 0.2 | DA8: 0.1 | DB8: 0.5 | DC8: 1 | DD8: 0.8 | DE8: 0.6 | DF8: 0.4 | DG8: 0.2 | DH8: 0.4 | DI8: 0.4 | DJ8: 0.6 | DK8: 0.9 | DL8: 0.2 | DM8: 0.6 | DN8: 0.5 | DO8: 0.5 | DP8: 0.5 | DQ8: 0.5 | DR8: 0 | DS8: 0.4 | DT8: 0 | DU8: 1.2 | DV8: 0 | DW8: 1 | DX8: 0 | DY8: 0.3 | DZ8: 0 | EA8: 0.1 | EB8: 0 | EC8: 0 | ED8: 0 | EE8: 0 | EF8: 0 | EG8: 0 | EH8: 0 | EI8: 0.2 | EJ8: 0 | EK8: 0.2 | EL8: 0 | EM8: 0.3 | EN8: 0 | EO8: 0 | EP8: 0 | EQ8: 0 | ER8: 0 | ES8: 0 | ET8: 0 | EU8: 0
A9: 4358.4758 | B9: 0 | C9: 0 | D9: 0 | E9: 0 | F9: 0 | G9: 0 | H9: 0 | I9: 0 | J9: 0 | K9: 0 | L9: 0 | M9: 0 | N9: 0 | O9: 0 | P9: 0 | Q9: 0 | R9: 0 | S9: 0 | T9: 0 | U9: 0 | V9: 0 | W9: 0 | X9: 0 | Y9: 0 | Z9: 0 | AA9: 0 | AB9: 0 | AC9: 0 | AD9: 0 | AE9: 0 | AF9: 0.1 | AG9: 0.6 | AH9: 0.1 | AI9: 0.5 | AJ9: 0 | AK9: 0.1 | AL9: 0.1 | AM9: 0 | AN9: 0.1 | AO9: 0.1 | AP9: 0 | AQ9: 0 | AR9: 0 | AS9: 0.1 | AT9: 0.1 | AU9: 0.1 | AV9: 0 | AW9: 0.1 | AX9: 0.1 | AY9: 0.1 | AZ9: 0.1 | BA9: 0 | BB9: 0.1 | BC9: 0 | BD9: 0.1 | BE9: 0.1 | BF9: 0 | BG9: 0 | BH9: 0.1 | BI9: 0 | BJ9: 0.1 | BK9: 0.3 | BL9: 0.1 | BM9: 0.2 | BN9: 0.1 | BO9: 0.1 | BP9: 0.1 | BQ9: 0.1 | BR9: 0 | BS9: 0.1 | BT9: 0.1 | BU9: 0.2 | BV9: 0.1 | BW9: 0.2 | BX9: 0.1 | BY9: 0.3 | BZ9: 0 | CA9: 0 | CB9: 0.1 | CC9: 0.1 | CD9: 0.1 | CE9: 0.2 | CF9: 0 | CG9: 0 | CH9: 0 | CI9: 0.1 | CJ9: 0.2 | CK9: 0.2 | CL9: 0 | CM9: 0.1 | CN9: 0.3 | CO9: 1.5 | CP9: 0.1 | CQ9: 1.1 | CR9: 0 | CS9: 0.3 | CT9: 0.3 | CU9: 0.7 | CV9: 0.3 | CW9: 0.6 | CX9: 0.5 | CY9: 0.8 | CZ9: 0.6 | DA9: 0.6 | DB9: 0.5 | DC9: 0.3 | DD9: 0.8 | DE9: 0.7 | DF9: 0.7 | DG9: 0 | DH9: 0.6 | DI9: 0.2 | DJ9: 0.7 | DK9: 0.2 | DL9: 0.3 | DM9: 0.3 | DN9: 0.3 | DO9: 0.3 | DP9: 0.6 | DQ9: 0.5 | DR9: 0 | DS9: 0.4 | DT9: 0 | DU9: 1.2 | DV9: 0 | DW9: 1 | DX9: 0 | DY9: 0.3 | DZ9: 0 | EA9: 0.1 | EB9: 0 | EC9: 0 | ED9: 0 | EE9: 0 | EF9: 0 | EG9: 0 | EH9: 0 | EI9: 0.2 | EJ9: 0 | EK9: 0.2 | EL9: 0 | EM9: 0.3 | EN9: 0 | EO9: 0 | EP9: 0 | EQ9: 0 | ER9: 0 | ES9: 0 | ET9: 0 | EU9: 0
A10: 4358.9792 | B10: 0 | C10: 0 | D10: 0 | E10: 0 | F10: 0 | G10: 0 | H10: 0 | I10: 0 | J10: 0 | K10: 0 | L10: 0 | M10: 0 | N10: 0 | O10: 0 | P10: 0 | Q10: 0 | R10: 0 | S10: 0 | T10: 0 | U10: 0 | V10: 0 | W10: 0 | X10: 0 | Y10: 0 | Z10: 0 | AA10: 0 | AB10: 0 | AC10: 0 | AD10: 0 | AE10: 0 | AF10: 0.1 | AG10: 0.6 | AH10: 0.1 | AI10: 0.5 | AJ10: 0 | AK10: 0.1 | AL10: 0.1 | AM10: 0 | AN10: 0.1 | AO10: 0.1 | AP10: 0 | AQ10: 0 | AR10: 0 | AS10: 0.1 | AT10: 0.1 | AU10: 0.1 | AV10: 0 | AW10: 0.1 | AX10: 0.1 | AY10: 0.1 | AZ10: 0.1 | BA10: 0 | BB10: 0.1 | BC10: 0 | BD10: 0.1 | BE10: 0.1 | BF10: 0 | BG10: 0 | BH10: 0.1 | BI10: 0 | BJ10: 0.1 | BK10: 0.3 | BL10: 0.1 | BM10: 0.2 | BN10: 0.1 | BO10: 0.1 | BP10: 0.1 | BQ10: 0.1 | BR10: 0 | BS10: 0.1 | BT10: 0.1 | BU10: 0.2 | BV10: 0.1 | BW10: 0.2 | BX10: 0.1 | BY10: 0.3 | BZ10: 0 | CA10: 0 | CB10: 0.1 | CC10: 0.1 | CD10: 0.1 | CE10: 0.2 | CF10: 0 | CG10: 0 | CH10: 0 | CI10: 0.1 | CJ10: 0.2 | CK10: 0.2 | CL10: 0 | CM10: 0.1 | CN10: 0.3 | CO10: 1.5 | CP10: 0.1 | CQ10: 1.1 | CR10: 0 | CS10: 0.3 | CT10: 0.3 | CU10: 0.7 | CV10: 0.3 | CW10: 0.6 | CX10: 0.5 | CY10: 0.8 | CZ10: 0.6 | DA10: 0.6 | DB10: 0.5 | DC10: 0.3 | DD10: 0.8 | DE10: 0.7 | DF10: 0.7 | DG10: 0 | DH10: 0.6 | DI10: 0.2 | DJ10: 0.7 | DK10: 0.2 | DL10: 0.3 | DM10: 0.3 | DN10: 0.3 | DO10: 0.3 | DP10: 0.6 | DQ10: 0.5 | DR10: 0 | DS10: 0.4 | DT10: 0 | DU10: 1.2 | DV10: 0 | DW10: 1 | DX10: 0 | DY10: 0.3 | DZ10: 0 | EA10: 0.2 | EB10: 0 | EC10: 0 | ED10: 0 | EE10: 0 | EF10: 0 | EG10: 0 | EH10: 0 | EI10: 0.2 | EJ10: 0 | EK10: 0.2 | EL10: 0 | EM10: 0.3 | EN10: 0 | EO10: 0 | EP10: 0 | EQ10: 0 | ER10: 0 | ES10: 0.1 | ET10: 0 | EU10: 0.1
A11: 4359.478 | B11: 0.1 | C11: 0 | D11: 0 | E11: 0 | F11: 0 | G11: 0 | H11: 0 | I11: 0 | J11: 0 | K11: 0 | L11: 0 | M11: 0 | N11: 0 | O11: 0 | P11: 0 | Q11: 0 | R11: 0 | S11: 0 | T11: 0 | U11: 0 | V11: 0 | W11: 0 | X11: 0 | Y11: 0 | Z11: 0 | AA11: 0 | AB11: 0 | AC11: 0 | AD11: 0 | AE11: 0 | AF11: 0 | AG11: 0 | AH11: 0 | AI11: 0 | AJ11: 0 | AK11: 0 | AL11: 0 | AM11: 0 | AN11: 0 | AO11: 0 | AP11: 0 | AQ11: 0 | AR11: 0 | AS11: 0 | AT11: 0 | AU11: 0 | AV11: 0 | AW11: 0 | AX11: 0 | AY11: 0 | AZ11: 0 | BA11: 0 | BB11: 0 | BC11: 0 | BD11: 0 | BE11: 0 | BF11: 0 | BG11: 0 | BH11: 0 | BI11: 0 | BJ11: 0 | BK11: 0.5 | BL11: 0.2 | BM11: 0.2 | BN11: 0.1 | BO11: 0 | BP11: 0 | BQ11: 0 | BR11: 0 | BS11: 0 | BT11: 0.1 | BU11: 0.1 | BV11: 0 | BW11: 0.1 | BX11: 0.2 | BY11: 0.3 | BZ11: 0 | CA11: 0.1 | CB11: 0 | CC11: 0 | CD11: 0.2 | CE11: 0.1 | CF11: 0.1 | CG11: 0.2 | CH11: 0.1 | CI11: 0.1 | CJ11: 0.1 | CK11: 0.2 | CL11: 0.1 | CM11: 0.3 | CN11: 0.2 | CO11: 0.4 | CP11: 0.1 | CQ11: 0.3 | CR11: 0.2 | CS11: 0.3 | CT11: 0 | CU11: 0.1 | CV11: 0.2 | CW11: 0.3 | CX11: 0.2 | CY11: 0 | CZ11: 0.1 | DA11: 0.1 | DB11: 0.2 | DC11: 0.3 | DD11: 0.3 | DE11: 0.2 | DF11: 0 | DG11: 0.1 | DH11: 0 | DI11: 0.2 | DJ11: 0.1 | DK11: 0 | DL11: 0 | DM11: 0 | DN11: 0 | DO11: 0.1 | DP11: 0 | DQ11: 0 | DR11: 0 | DS11: 0.4 | DT11: 0 | DU11: 1.2 | DV11: 0 | DW11: 1 | DX11: 0 | DY11: 0.3 | DZ11: 0 | EA11: 0.2 | EB11: 0 | EC11: 0 | ED11: 0 | EE11: 0 | EF11: 0 | EG11: 0 | EH11: 0 | EI11: 0.2 | EJ11: 0 | EK11: 0.2 | EL11: 0 | EM11: 0.3 | EN11: 0 | EO11: 0 | EP11: 0 | EQ11: 0 | ER11: 0 | ES11: 0.1 | ET11: 0 | EU11: 0.1
A12: 4359.9737 | B12: 0.1 | C12: 0 | D12: 0 | E12: 0 | F12: 0 | G12: 0 | H12: 0 | I12: 0 | J12: 0 | K12: 0 | L12: 0 | M12: 0 | N12: 0 | O12: 0 | P12: 0 | Q12: 0 | R12: 0 | S12: 0 | T12: 0 | U12: 0 | V12: 0 | W12: 0 | X12: 0 | Y12: 0 | Z12: 0 | AA12: 0 | AB12: 0 | AC12: 0 | AD12: 0 | AE12: 0 | AF12: 0 | AG12: 0 | AH12: 0 | AI12: 0 | AJ12: 0 | AK12: 0 | AL12: 0 | AM12: 0 | AN12: 0 | AO12: 0 | AP12: 0 | AQ12: 0 | AR12: 0 | AS12: 0 | AT12: 0 | AU12: 0 | AV12: 0 | AW12: 0 | AX12: 0 | AY12: 0 | AZ12: 0 | BA12: 0 | BB12: 0 | BC12: 0 | BD12: 0 | BE12: 0 | BF12: 0 | BG12: 0 | BH12: 0 | BI12: 0 | BJ12: 0 | BK12: 0.5 | BL12: 0.2 | BM12: 0.2 | BN12: 0.1 | BO12: 0 | BP12: 0 | BQ12: 0 | BR12: 0 | BS12: 0 | BT12: 0.1 | BU12: 0.1 | BV12: 0 | BW12: 0.1 | BX12: 0.2 | BY12: 0.3 | BZ12: 0 | CA12: 0.1 | CB12: 0 | CC12: 0 | CD12: 0.2 | CE12: 0.1 | CF12: 0.1 | CG12: 0.2 | CH12: 0.1 | CI12: 0.1 | CJ12: 0.1 | CK12: 0.2 | CL12: 0.1 | CM12: 0.3 | CN12: 0.2 | CO12: 0.4 | CP12: 0.1 | CQ12: 0.3 | CR12: 0.2 | CS12: 0.3 | CT12: 0 | CU12: 0.1 | CV12: 0.2 | CW12: 0.3 | CX12: 0.2 | CY12: 0 | CZ12: 0.1 | DA12: 0.1 | DB12: 0.2 | DC12: 0.3 | DD12: 0.3 | DE12: 0.2 | DF12: 0 | DG12: 0.1 | DH12: 0 | DI12: 0.2 | DJ12: 0.1 | DK12: 0 | DL12: 0 | DM12: 0 | DN12: 0 | DO12: 0.1 | DP12: 0 | DQ12: 0 | DR12: 0 | DS12: 0.4 | DT12: 0 | DU12: 1.2 | DV12: 0 | DW12: 1 | DX12: 0 | DY12: 0.3 | DZ12: 0 | EA12: 0.1 | EB12: 0 | EC12: 0 | ED12: 0 | EE12: 0 | EF12: 0 | EG12: 0 | EH12: 0 | EI12: 0.2 | EJ12: 0 | EK12: 0.2 | EL12: 0 | EM12: 0.2 | EN12: 0 | EO12: 0 | EP12: 0 | EQ12: 0 | ER12: 0 | ES12: 0 | ET12: 0 | EU12: 0
A13: 4360.468 | B13: 0.1 | C13: 0 | D13: 0 | E13: 0 | F13: 0 | G13: 0 | H13: 0 | I13: 0 | J13: 0 | K13: 0 | L13: 0.1 | M13: 0 | N13: 0.1 | O13: 0 | P13: 0 | Q13: 0 | R13: 0 | S13: 0 | T13: 0 | U13: 0 | V13: 0 | W13: 0 | X13: 0 | Y13: 0 | Z13: 0 | AA13: 0 | AB13: 0 | AC13: 0 | AD13: 0.1 | AE13: 0 | AF13: 0 | AG13: 0 | AH13: 0 | AI13: 0 | AJ13: 0 | AK13: 0 | AL13: 0 | AM13: 0 | AN13: 0 | AO13: 0 | AP13: 0 | AQ13: 0 | AR13: 0 | AS13: 0 | AT13: 0 | AU13: 0 | AV13: 0 | AW13: 0 | AX13: 0 | AY13: 0 | AZ13: 0 | BA13: 0 | BB13: 0 | BC13: 0 | BD13: 0 | BE13: 0 | BF13: 0 | BG13: 0 | BH13: 0 | BI13: 0 | BJ13: 0 | BK13: 0.3 | BL13: 0 | BM13: 0 | BN13: 0.1 | BO13: 0.1 | BP13: 0 | BQ13: 0.1 | BR13: 0.1 | BS13: 0.2 | BT13: 0.1 | BU13: 0.1 | BV13: 0.1 | BW13: 0 | BX13: 0 | BY13: 0.2 | BZ13: 0.1 | CA13: 0.2 | CB13: 0.1 | CC13: 0.1 | CD13: 0.1 | CE13: 0.1 | CF13: 0.1 | CG13: 0.2 | CH13: 0.1 | CI13: 0 | CJ13: 0.1 | CK13: 0.1 | CL13: 0 | CM13: 0 | CN13: 1 | CO13: 1 | CP13: 0.3 | CQ13: 1 | CR13: 0.5 | CS13: 0.9 | CT13: 0.4 | CU13: 0.9 | CV13: 0.4 | CW13: 1.6 | CX13: 1.2 | CY13: 1 | CZ13: 0.4 | DA13: 0.3 | DB13: 0.3 | DC13: 1.1 | DD13: 0.8 | DE13: 0.5 | DF13: 0.7 | DG13: 0.3 | DH13: 0.6 | DI13: 1 | DJ13: 0.3 | DK13: 0.5 | DL13: 0 | DM13: 0.3 | DN13: 0.2 | DO13: 0.3 | DP13: 0.9 | DQ13: 0.2 | DR13: 0 | DS13: 0.4 | DT13: 0 | DU13: 1.2 | DV13: 0 | DW13: 1 | DX13: 0 | DY13: 0.3 | DZ13: 0 | EA13: 0.1 | EB13: 0 | EC13: 0 | ED13: 0 | EE13: 0 | EF13: 0 | EG13: 0 | EH13: 0 | EI13: 0.2 | EJ13: 0 | EK13: 0.2 | EL13: 0 | EM13: 0.2 | EN13: 0 | EO13: 0 | EP13: 0 | EQ13: 0 | ER13: 0 | ES13: 0 | ET13: 0 | EU13: 0
... A219: 4463.5736 | B219: 0.1 | C219: 0.1 | D219: 0.1 | E219: 0 | F219: 0 | G219: 0.2 | H219: 0.1 | I219: 0 | J219: 0 | K219: 0.1 | L219: 0 | M219: 0 | N219: 0.1 | O219: 0.1 | P219: 0.1 | Q219: 0.2 | R219: 0 | S219: 0.1 | T219: 0 | U219: 0 | V219: 0 | W219: 0 | X219: 0 | Y219: 0.1 | Z219: 0 | AA219: 0 | AB219: 0 | AC219: 0.1 | AD219: 0 | AE219: 0.1 | AF219: 0 | AG219: 0 | AH219: 0.1 | AI219: 0.1 | AJ219: 0.1 | AK219: 0 | AL219: 0 | AM219: 0 | AN219: 0 | AO219: 0 | AP219: 0 | AQ219: 0 | AR219: 0 | AS219: 0 | AT219: 0 | AU219: 0 | AV219: 0 | AW219: 0 | AX219: 0 | AY219: 0 | AZ219: 0 | BA219: 0 | BB219: 0 | BC219: 0 | BD219: 0 | BE219: 0 | BF219: 0 | BG219: 0 | BH219: 0 | BI219: 0 | BJ219: 0.1 | BK219: 0.7 | BL219: 0.1 | BM219: 0.1 | BN219: 0.2 | BO219: 0.2 | BP219: 0 | BQ219: 0.1 | BR219: 0 | BS219: 0.2 | BT219: 0.1 | BU219: 0.1 | BV219: 0.2 | BW219: 0.1 | BX219: 0.1 | BY219: 0 | BZ219: 0 | CA219: 0.1 | CB219: 0 | CC219: 0.1 | CD219: 0.1 | CE219: 0.2 | CF219: 0.1 | CG219: 0 | CH219: 0.1 | CI219: 0 | CJ219: 0.1 | CK219: 0.1 | CL219: 0.1 | CM219: 0 | CN219: 0.9 | CO219: 1.7 | CP219: 0.4 | CQ219: 0.2 | CR219: 0.8 | CS219: 0.5 | CT219: 0.7 | CU219: 0.1 | CV219: 1 | CW219: 0.5 | CX219: 0.9 | CY219: 0.6 | CZ219: 0.2 | DA219: 1.5 | DB219: 0.6 | DC219: 1.7 | DD219: 0.3 | DE219: 0.6 | DF219: 0.8 | DG219: 0.8 | DH219: 0.7 | DI219: 0.6 | DJ219: 0.4 | DK219: 0.4 | DL219: 0.7 | DM219: 0 | DN219: 0.4 | DO219: 0.3 | DP219: 0.2 | DQ219: 0.8 | DR219: 0 | DS219: 0.4 | DT219: 0 | DU219: 0.9 | DV219: 0 | DW219: 1 | DX219: 0 | DY219: 0.3 | DZ219: 0 | EA219: 0.1 | EB219: 0 | EC219: 0 | ED219: 0 | EE219: 0.1 | EF219: 0 | EG219: 0 | EH219: 0 | EI219: 0.2 | EJ219: 0 | EK219: 0.1 | EL219: 0 | EM219: 0.2 | EN219: 0 | EO219: 0.1 | EP219: 0 | EQ219: 0 | ER219: 0 | ES219: 0 | ET219: 0 | EU219: 0.1
